url,domaine,type,statut,code_http,url_finale,tls_erreur,verifie_le,site_parent,organisme,pole,rattachement,source,note
https://presidence.ci,presidence.ci,site,Non vérifié,,,,,,Présidence de la République,Présidence de la République,officiel,Recherche web,Site de la Présidence de la République
https://primature.ci,primature.ci,site,Non vérifié,,,,,,Primature,Primature,annuaire,Annuaire des services publics,
https://sgg.gouv.ci,sgg.gouv.ci,site,Non vérifié,,,,,,Secrétariat général du gouvernement,Primature,officiel,Recherche web,Secrétariat général du gouvernement
https://web.sgg.gouv.ci,web.sgg.gouv.ci,sous-domaine,Non vérifié,,,,,sgg.gouv.ci,Secrétariat général du gouvernement,Primature,officiel,Recherche web,Version « web » du site du SGG (gouvernement et institutions)
https://defense.gouv.ci,defense.gouv.ci,site,Non vérifié,,,,,,Ministère de la Défense,Ministère de la Défense,annuaire,Annuaire des services publics,
https://fonctionpublique.gouv.ci,fonctionpublique.gouv.ci,site,Non vérifié,,,,,,Ministère de la Fonction publique et de la Modernisation de l'administration,Ministère de la Fonction publique et de la Modernisation de l'administration,annuaire,Annuaire des services publics,
https://diplomatie.gouv.ci,diplomatie.gouv.ci,site,Non vérifié,,,,,,Ministère des Affaires étrangères et de la Coopération internationale,Ministère des Affaires étrangères et de la Coopération internationale,annuaire,Annuaire des services publics,
https://france.diplomatie.gouv.ci,france.diplomatie.gouv.ci,sous-domaine,Non vérifié,,,,,diplomatie.gouv.ci,Ministère des Affaires étrangères et de la Coopération internationale,Ministère des Affaires étrangères et de la Coopération internationale,officiel,Recherche web,Ambassade de Côte d'Ivoire en France
https://integration.gouv.ci,integration.gouv.ci,site,Non vérifié,,,,,,Ministère délégué chargé de l'Intégration africaine et des Ivoiriens de l'extérieur,Ministère des Affaires étrangères et de la Coopération internationale,annuaire,Annuaire des services publics,
https://justice.ci,justice.ci,site,Non vérifié,,,,,,Ministère de la Justice et des Droits de l'Homme,Ministère de la Justice et des Droits de l'Homme,annuaire,Annuaire des services publics,
https://interieur.gouv.ci,interieur.gouv.ci,site,Non vérifié,,,,,,Ministère de l'Intérieur et de la Sécurité,Ministère de l'Intérieur et de la Sécurité,annuaire,Annuaire des services publics,
https://budget.gouv.ci,budget.gouv.ci,site,Non vérifié,,,,,,"Ministère de l'Économie, des Finances et du Budget","Ministère de l'Économie, des Finances et du Budget",annuaire,Annuaire des services publics,Ancien ministère du Budget et du Portefeuille de l'État
https://dgi.gouv.ci,dgi.gouv.ci,site,Non vérifié,,,,,,"Ministère de l'Économie, des Finances et du Budget","Ministère de l'Économie, des Finances et du Budget",déduit,Recherche web,Direction générale des impôts : direction du ministère des Finances
https://douanes.ci,douanes.ci,site,Non vérifié,,,,,,"Ministère de l'Économie, des Finances et du Budget","Ministère de l'Économie, des Finances et du Budget",déduit,Recherche web,Douanes ivoiriennes : direction générale rattachée aux Finances
https://e-impots.gouv.ci,e-impots.gouv.ci,sous-domaine,Non vérifié,,,,,dgi.gouv.ci,"Ministère de l'Économie, des Finances et du Budget","Ministère de l'Économie, des Finances et du Budget",déduit,Recherche web,Télédéclaration et télépaiement de la DGI
https://finances.gouv.ci,finances.gouv.ci,site,Non vérifié,,,,,,"Ministère de l'Économie, des Finances et du Budget","Ministère de l'Économie, des Finances et du Budget",annuaire,Annuaire des services publics,
https://mpeder.ci,mpeder.ci,site,Non vérifié,,,,,,"Ministère des Mines, du Pétrole et de l'Énergie","Ministère des Mines, du Pétrole et de l'Énergie",annuaire,Annuaire des services publics,
https://agriculture.gouv.ci,agriculture.gouv.ci,site,Non vérifié,,,,,,"Ministère de l'Agriculture, du Développement rural et des Productions vivrières","Ministère de l'Agriculture, du Développement rural et des Productions vivrières",annuaire,Annuaire des services publics,
https://transports.gouv.ci,transports.gouv.ci,site,Non vérifié,,,,,,Ministère des Transports et des Affaires maritimes,Ministère des Transports et des Affaires maritimes,annuaire,Annuaire des services publics,
https://salubrite.gouv.ci,salubrite.gouv.ci,site,Non vérifié,,,,,,"Ministère de l'Hydraulique, de l'Assainissement et de la Salubrité","Ministère de l'Hydraulique, de l'Assainissement et de la Salubrité",annuaire,Annuaire des services publics,
https://jeunesse.gouv.ci,jeunesse.gouv.ci,site,Non vérifié,,,,,,"Ministère de la Promotion de la jeunesse, de l'Insertion professionnelle et du Service civique","Ministère de la Promotion de la jeunesse, de l'Insertion professionnelle et du Service civique",annuaire,Annuaire des services publics,
https://sante.gouv.ci,sante.gouv.ci,site,Non vérifié,,,,,,"Ministère de la Santé, de l'Hygiène publique et de la Couverture maladie universelle","Ministère de la Santé, de l'Hygiène publique et de la Couverture maladie universelle",annuaire,Annuaire des services publics,
https://web.sante.gouv.ci,web.sante.gouv.ci,sous-domaine,Non vérifié,,,,,sante.gouv.ci,"Ministère de la Santé, de l'Hygiène publique et de la Couverture maladie universelle","Ministère de la Santé, de l'Hygiène publique et de la Couverture maladie universelle",officiel,Recherche web,Version « web » du site du ministère
https://construction.gouv.ci,construction.gouv.ci,site,Non vérifié,,,,,,"Ministère de l'Urbanisme, du Logement et du Cadre de vie","Ministère de l'Urbanisme, du Logement et du Cadre de vie",annuaire,Annuaire des services publics,
https://logementsocial.gouv.ci,logementsocial.gouv.ci,site,Non vérifié,,,,,,"Ministère de l'Urbanisme, du Logement et du Cadre de vie","Ministère de l'Urbanisme, du Logement et du Cadre de vie",déduit,Annuaire des services publics,Ancien secrétariat d'État à l'Habitat social
https://ressourcesanimales.gouv.ci,ressourcesanimales.gouv.ci,site,Non vérifié,,,,,,Ministère des Ressources animales et halieutiques,Ministère des Ressources animales et halieutiques,annuaire,Annuaire des services publics,
https://communication.gouv.ci,communication.gouv.ci,site,Non vérifié,,,,,,"Ministère de la Communication, porte-parole du gouvernement","Ministère de la Communication, porte-parole du gouvernement",annuaire,Annuaire des services publics,
https://eauxetforets.gouv.ci,eauxetforets.gouv.ci,site,Non vérifié,,,,,,Ministère des Eaux et Forêts,Ministère des Eaux et Forêts,annuaire,Annuaire des services publics,
https://commerce.gouv.ci,commerce.gouv.ci,site,Non vérifié,,,,,,"Ministère du Commerce, de l'Industrie et de l'Artisanat","Ministère du Commerce, de l'Industrie et de l'Artisanat",annuaire,Annuaire des services publics,
https://guce.gouv.ci,guce.gouv.ci,site,Non vérifié,,,,,,"Ministère du Commerce, de l'Industrie et de l'Artisanat","Ministère du Commerce, de l'Industrie et de l'Artisanat",déduit,Recherche web,Guichet unique du commerce extérieur
https://tourisme.gouv.ci,tourisme.gouv.ci,site,Non vérifié,,,,,,Ministère du Tourisme et des Loisirs,Ministère du Tourisme et des Loisirs,annuaire,Annuaire des services publics,
https://plan.gouv.ci,plan.gouv.ci,site,Non vérifié,,,,,,Ministère du Plan et du Développement,Ministère du Plan et du Développement,annuaire,Annuaire des services publics,
https://enseignement.gouv.ci,enseignement.gouv.ci,site,Non vérifié,,,,,,Ministère de l'Enseignement supérieur et de la Recherche scientifique,Ministère de l'Enseignement supérieur et de la Recherche scientifique,annuaire,Annuaire des services publics,
https://emploi.gouv.ci,emploi.gouv.ci,site,Non vérifié,,,,,,"Ministère de l'Emploi, de la Protection sociale et de la Formation professionnelle","Ministère de l'Emploi, de la Protection sociale et de la Formation professionnelle",annuaire,Annuaire des services publics,
https://protectionsociale.gouv.ci,protectionsociale.gouv.ci,site,Non vérifié,,,,,,"Ministère de l'Emploi, de la Protection sociale et de la Formation professionnelle","Ministère de l'Emploi, de la Protection sociale et de la Formation professionnelle",annuaire,Annuaire des services publics,Ancien ministère de la Protection sociale
https://education.gouv.ci,education.gouv.ci,site,Non vérifié,,,,,,"Ministère de l'Éducation nationale, de l'Alphabétisation et de l'Enseignement technique","Ministère de l'Éducation nationale, de l'Alphabétisation et de l'Enseignement technique",annuaire,Annuaire des services publics,
https://solidarite.gouv.ci,solidarite.gouv.ci,site,Non vérifié,,,,,,"Ministère de la Cohésion sociale, de la Solidarité et de la Lutte contre la pauvreté","Ministère de la Cohésion sociale, de la Solidarité et de la Lutte contre la pauvreté",annuaire,Annuaire des services publics,
https://culture.gouv.ci,culture.gouv.ci,site,Non vérifié,,,,,,Ministère de la Culture et de la Francophonie,Ministère de la Culture et de la Francophonie,annuaire,Annuaire des services publics,
https://sport.gouv.ci,sport.gouv.ci,site,Non vérifié,,,,,,Ministère des Sports,Ministère des Sports,annuaire,Annuaire des services publics,
https://assnat.ci,assnat.ci,site,Non vérifié,,,,,,Assemblée nationale,Institutions et juridictions,officiel,Recherche web,
https://senat.ci,senat.ci,site,Non vérifié,,,,,,Sénat,Institutions et juridictions,officiel,Recherche web,
https://ansut.ci,ansut.ci,site,Non vérifié,,,,,,Agence nationale du service universel des télécommunications/TIC,Autorités et organismes publics,candidat,Connaissance à vérifier,
https://artci.ci,artci.ci,site,Non vérifié,,,,,,Autorité de régulation des télécommunications/TIC de Côte d'Ivoire,Autorités et organismes publics,officiel,Recherche web,
https://cei.ci,cei.ci,site,Non vérifié,,,,,,Commission électorale indépendante,Autorités et organismes publics,candidat,Connaissance à vérifier,
https://cicg.ci,cicg.ci,site,Non vérifié,,,,,,Centre d'information et de communication gouvernementale,Autorités et organismes publics,candidat,Connaissance à vérifier,Cité comme concepteur du site du SGG
https://ins.ci,ins.ci,site,Non vérifié,,,,,,Institut national de la statistique,Autorités et organismes publics,candidat,Connaissance à vérifier,
https://nic.ci,nic.ci,site,Non vérifié,,,,,,Autorité de régulation des télécommunications/TIC de Côte d'Ivoire,Autorités et organismes publics,déduit,Recherche web,Registre du domaine .ci
https://sndi.ci,sndi.ci,site,Non vérifié,,,,,,Société nationale de développement informatique,Autorités et organismes publics,candidat,Connaissance à vérifier,Cité comme hébergeur du site du SGG
https://annuaire.gouv.ci,annuaire.gouv.ci,site,Non vérifié,,,,,,Portails et services transverses,Portails et services transverses,portail,Recherche web,Annuaire des services publics
https://data.gouv.ci,data.gouv.ci,site,Non vérifié,,,,,,Portails et services transverses,Portails et services transverses,portail,Recherche web,Portail officiel des données ouvertes
https://eadministration.ci,eadministration.ci,site,Non vérifié,,,,,,Portails et services transverses,Portails et services transverses,portail,Annuaire des services publics,Ancienne adresse de l'administration électronique (à vérifier)
https://eadministration.gouv.ci,eadministration.gouv.ci,site,Non vérifié,,,,,,Portails et services transverses,Portails et services transverses,portail,Recherche web,Administration électronique
https://gociv.ci,gociv.ci,site,Non vérifié,,,,,,Portails et services transverses,Portails et services transverses,portail,Recherche web,Ancien portail officiel du gouvernement
https://gouv.ci,gouv.ci,site,Non vérifié,,,,,,Portails et services transverses,Portails et services transverses,portail,Recherche web,Portail officiel du gouvernement
https://participationcitoyenne.gouv.ci,participationcitoyenne.gouv.ci,site,Non vérifié,,,,,,Portails et services transverses,Portails et services transverses,portail,Recherche web,Participation citoyenne
https://servicepublic.gouv.ci,servicepublic.gouv.ci,site,Non vérifié,,,,,,Portails et services transverses,Portails et services transverses,portail,Recherche web,Service public de Côte d'Ivoire
